frame,servo_angle,speed
0,89.6484375,100
1,89.6484375,100
2,89.6484375,100
3,89.6484375,100
4,89.6484375,100
5,180,100
6,180,100
7,180,100
8,168.7060546875,100
9,144.7064208984375,100
10,148.941650390625,100
11,89.6484375,100
12,89.6484375,100
