frame,servo_angle,speed
0,89.6484375,100
1,89.6484375,100
2,89.6484375,100
3,170.82366943359375,100
4,180,100
5,180,100
6,180,100
7,0.00274658203125,100
8,0.00274658203125,100
9,0.00274658203125,100
10,0.00274658203125,100
11,0.00274658203125,100
12,89.6484375,100
13,89.6484375,100
