frame,servo_angle,speed
0,89.6484375,100
1,89.6484375,100
2,89.6484375,100
3,89.6484375,100
4,89.6484375,100
5,89.6484375,100
6,89.6484375,100
7,89.6484375,100
8,89.6484375,100
9,89.6484375,100
10,0.00274658203125,100
11,0.00274658203125,100
12,0.00274658203125,100
13,89.6484375,100
