frame,servo_angle,speed
0,89.6484375,100
1,89.6484375,100
2,89.6484375,100
3,89.6484375,100
4,180,100
5,180,100
6,180,100
7,180,100
8,180,100
9,180,100
10,180,100
11,180,100
