frame,servo_angle,speed
0,63.53118896484375,100
1,16.23779296875,100
2,11.29669189453125,100
3,0.00274658203125,100
4,0.00274658203125,100
5,89.6484375,100
6,89.6484375,100
7,89.6484375,100
8,89.6484375,100
9,83.29559326171875,100
10,89.6484375,100
11,89.6484375,100
12,89.6484375,100
13,89.6484375,100
14,89.6484375,100
15,89.6484375,100
16,89.6484375,100
17,89.6484375,100
18,89.6484375,100
19,89.6484375,100
