frame,servo_angle,speed
0,89.6484375,100
1,89.6484375,100
2,89.6484375,100
3,89.6484375,100
4,180,100
5,180,100
6,180,100
7,180,100
8,180,100
9,180,100
10,180,100
11,180,100
12,144.00054931640625,100
13,64.237060546875,100
14,29.64935302734375,100
15,0.00274658203125,100
16,0.00274658203125,100
17,89.6484375,100
18,89.6484375,100
