frame,servo_angle,speed
0,89.6484375,100
1,89.6484375,100
2,89.6484375,100
3,89.6484375,100
4,75.531005859375,100
5,0.00274658203125,100
6,0.00274658203125,100
7,0.00274658203125,100
8,0.00274658203125,100
9,0.00274658203125,100
10,37.4139404296875,100
11,180,100
12,180,100
13,180,100
14,180,100
15,180,100
16,180,100
17,89.6484375,100
