frame,servo_angle,speed
0,89.6484375,100
1,89.6484375,100
2,89.6484375,100
3,89.6484375,100
4,0.00274658203125,100
5,0.00274658203125,100
6,0.00274658203125,100
7,0.00274658203125,100
8,89.6484375,100
9,179.29412841796875,100
10,180,100
11,180,100
12,89.6484375,100
13,89.6484375,100
