frame,servo_angle,speed
0,89.6484375,100
1,89.6484375,100
2,89.6484375,100
3,89.6484375,100
